[{"@type":"OpenTextQuestion","wordCloudQuestion":false,"lowerCaseAlias":"","id":"1768232","alias":null,"text":"En un DAG con nodos L, A e Y (en este orde de ácción temporal), ¿Qué significa el que no haya un arco del nodo A al Y?","image":null,"maxLength":2000,"maxWords":150,"resultFormat":"RESPONSE_LIST","maxWordCount":null,"maxWordLength":null,"correctAnswers":["Significa que no hay efecto de A sobre Y"],"correctAnswerExplanation":null},{"@type":"OpenTextQuestion","wordCloudQuestion":false,"lowerCaseAlias":"","id":"1768235","alias":null,"text":"En un DAG con nodos L, A e Y (en este orde de ácción temporal), ¿Qué significa el que no haya un arco del nodo A al Y?","image":null,"maxLength":2000,"maxWords":150,"resultFormat":"RESPONSE_LIST","maxWordCount":null,"maxWordLength":null,"correctAnswers":["Significa que no hay efecto de A sobre Y"],"correctAnswerExplanation":null},{"@type":"OpenTextQuestion","wordCloudQuestion":false,"lowerCaseAlias":"","id":"1768243","alias":null,"text":"En un DAG con nodos L, A e Y (en este orde de ácción temporal), ¿Qué significa el que no haya un arco del nodo A al Y?","image":null,"maxLength":2000,"maxWords":150,"resultFormat":"RESPONSE_LIST","maxWordCount":null,"maxWordLength":null,"correctAnswers":["Significa que no hay ningún efecto de A sobre Y"],"correctAnswerExplanation":null},{"@type":"OpenTextQuestion","wordCloudQuestion":false,"lowerCaseAlias":"","id":"1768249","alias":null,"text":"En un DAG con nodos L, A e Y (en este orde de ácción temporal), ¿Qué significa el que no haya un arco del nodo A al Y?","image":null,"maxLength":2000,"maxWords":150,"resultFormat":"RESPONSE_LIST","maxWordCount":null,"maxWordLength":null,"correctAnswers":["Significa que no hay efecto de A sobre Y"],"correctAnswerExplanation":null},{"@type":"MultipleChoiceQuestion","lowerCaseAlias":"","id":"1768256","alias":null,"text":"En un DAG con nodos L, A e Y (en este orde de ácción temporal), ¿Qué significa el que no haya un arco del nodo A al Y?","image":null,"choices":[{"id":"6906178","alias":null,"text":"No hay ningún efecto de A sobre Y","isCorrectAnswer":true,"excludeFromResults":false,"image":null},{"id":"6906179","alias":null,"text":"No hay efecto de Y sobre A","isCorrectAnswer":false,"excludeFromResults":false,"image":null},{"id":"6906180","alias":null,"text":"A no está asociada con Y","isCorrectAnswer":false,"excludeFromResults":false,"image":null},{"id":"6906181","alias":null,"text":"A está asociada con Y","isCorrectAnswer":false,"excludeFromResults":false,"image":null}],"minNumberSelections":1,"maxNumberSelections":1,"resultFormat":"%","distributableWeight":null,"weightingSetting":null,"weightingFactor":null,"correctAnswerExplanation":null},{"@type":"MultipleChoiceQuestion","lowerCaseAlias":"","id":"1768257","alias":null,"text":"En un DAG con nodos L, A e Y (en este orde de ácción temporal), ¿Qué significa que no haya un arco del nodo A al Y?","image":null,"choices":[{"id":"6906182","alias":null,"text":"No hay ningún efecto de A sobre Y","isCorrectAnswer":true,"excludeFromResults":false,"image":null},{"id":"6906183","alias":null,"text":"No hay efecto de Y sobre A","isCorrectAnswer":false,"excludeFromResults":false,"image":null},{"id":"6906184","alias":null,"text":"A no está asociada con Y","isCorrectAnswer":false,"excludeFromResults":false,"image":null},{"id":"6906185","alias":null,"text":"A está asociada con Y","isCorrectAnswer":false,"excludeFromResults":false,"image":null}],"minNumberSelections":1,"maxNumberSelections":1,"resultFormat":"%","distributableWeight":null,"weightingSetting":null,"weightingFactor":null,"correctAnswerExplanation":null},{"@type":"MultipleChoiceQuestion","lowerCaseAlias":"","id":"1768258","alias":null,"text":"Si nuestro conocimiento en la materia es insuficiente para descartar la existencia de un efecto directo de la variable D sobre la E, ¿Deberíamos incluir un arco desde D hasta E en el diagrama causal?","image":null,"choices":[{"id":"6906186","alias":null,"text":"Sí","isCorrectAnswer":true,"excludeFromResults":false,"image":null},{"id":"6906187","alias":null,"text":"No","isCorrectAnswer":false,"excludeFromResults":false,"image":null}],"minNumberSelections":1,"maxNumberSelections":1,"resultFormat":"%","distributableWeight":null,"weightingSetting":null,"weightingFactor":null,"correctAnswerExplanation":null},{"@type":"MultipleChoiceQuestion","lowerCaseAlias":"","id":"1768278","alias":null,"text":"Si nuestro conocimiento en la materia es insuficiente para descartar la existencia de un efecto directo de la variable D sobre la E, ¿Deberíamos incluir un arco desde D hasta E en el diagrama causal?","image":null,"choices":[{"id":"6906216","alias":null,"text":"Sí","isCorrectAnswer":true,"excludeFromResults":false,"image":null},{"id":"6906217","alias":null,"text":"No","isCorrectAnswer":false,"excludeFromResults":false,"image":null}],"minNumberSelections":1,"maxNumberSelections":1,"resultFormat":"%","distributableWeight":null,"weightingSetting":null,"weightingFactor":null,"correctAnswerExplanation":null},{"@type":"MultipleChoiceQuestion","lowerCaseAlias":"","id":"1768279","alias":null,"text":"Claramente la inteligencia de las personas influye sobre su propensión a dedicar tiempo al estudio. Independientemente de la inteligencia, su  desempeño académico al hacer exámenes. ¿Cuál es el DAG que describe esta proposición causal?","image":null,"choices":[{"id":"6906218","alias":null,"text":"A","isCorrectAnswer":false,"excludeFromResults":false,"image":null},{"id":"6906219","alias":null,"text":"B","isCorrectAnswer":false,"excludeFromResults":false,"image":null},{"id":"6906220","alias":null,"text":"C","isCorrectAnswer":true,"excludeFromResults":false,"image":null},{"id":"6906221","alias":null,"text":"Ninguna de las anteriores","isCorrectAnswer":false,"excludeFromResults":false,"image":null}],"minNumberSelections":1,"maxNumberSelections":1,"resultFormat":"%","distributableWeight":null,"weightingSetting":null,"weightingFactor":null,"correctAnswerExplanation":null},{"@type":"MultipleChoiceQuestion","lowerCaseAlias":"","id":"1771785","alias":null,"text":"En un DAG con nodos L, A e Y (en este orde de ácción temporal), ¿Qué significa que no haya un arco del nodo A al Y?","image":null,"choices":[{"id":"6917360","alias":null,"text":"No hay ningún efecto de A sobre Y","isCorrectAnswer":true,"excludeFromResults":false,"image":null},{"id":"6917361","alias":null,"text":"No hay efecto de Y sobre A","isCorrectAnswer":false,"excludeFromResults":false,"image":null},{"id":"6917362","alias":null,"text":"A no está asociada con Y","isCorrectAnswer":false,"excludeFromResults":false,"image":null},{"id":"6917363","alias":null,"text":"A está asociada con Y","isCorrectAnswer":false,"excludeFromResults":false,"image":null}],"minNumberSelections":1,"maxNumberSelections":1,"resultFormat":"%","distributableWeight":null,"weightingSetting":null,"weightingFactor":null,"correctAnswerExplanation":null},{"@type":"MultipleChoiceQuestion","lowerCaseAlias":"","id":"1771789","alias":null,"text":"Si nuestro conocimiento en la materia es insuficiente para descartar la existencia de un efecto directo de la variable D sobre la E, ¿Deberíamos incluir un arco desde D hasta E en el diagrama causal?","image":null,"choices":[{"id":"6917377","alias":null,"text":"Sí","isCorrectAnswer":true,"excludeFromResults":false,"image":null},{"id":"6917378","alias":null,"text":"No","isCorrectAnswer":false,"excludeFromResults":false,"image":null}],"minNumberSelections":1,"maxNumberSelections":1,"resultFormat":"%","distributableWeight":null,"weightingSetting":null,"weightingFactor":null,"correctAnswerExplanation":null},{"@type":"MultipleChoiceQuestion","lowerCaseAlias":"","id":"1771795","alias":null,"text":"Claramente la inteligencia de las personas influye sobre su propensión a dedicar tiempo al estudio. Independientemente de la inteligencia, su  desempeño académico al hacer exámenes. ¿Cuál es el DAG que describe esta proposición causal?","image":null,"choices":[{"id":"6917396","alias":null,"text":"A","isCorrectAnswer":false,"excludeFromResults":false,"image":null},{"id":"6917397","alias":null,"text":"B","isCorrectAnswer":false,"excludeFromResults":false,"image":null},{"id":"6917398","alias":null,"text":"C","isCorrectAnswer":true,"excludeFromResults":false,"image":null},{"id":"6917399","alias":null,"text":"Ninguna de las anteriores","isCorrectAnswer":false,"excludeFromResults":false,"image":null}],"minNumberSelections":1,"maxNumberSelections":1,"resultFormat":"%","distributableWeight":null,"weightingSetting":null,"weightingFactor":null,"correctAnswerExplanation":null},{"@type":"MultipleChoiceQuestion","lowerCaseAlias":"","id":"1771827","alias":null,"text":"¿Se puede medir el efecto, sin sesgos, de la aspirina?","image":null,"choices":[{"id":"6917502","alias":null,"text":"No se puede por el sesgo del historial de enfermedad cardiaca, L.","isCorrectAnswer":false,"excludeFromResults":false,"image":null},{"id":"6917503","alias":null,"text":"No se puede por el sesgo de la severidad desconocida de la enfermedad, U","isCorrectAnswer":false,"excludeFromResults":false,"image":null},{"id":"6917504","alias":null,"text":"No se puede de ninguna manera por las dos razones anteriores","isCorrectAnswer":false,"excludeFromResults":false,"image":null},{"id":"6917505","alias":null,"text":"Se  puede si se cierra la puerta trasera al utilizar el historial de enfermedad cardiaca.","isCorrectAnswer":true,"excludeFromResults":false,"image":null},{"id":"6917506","alias":null,"text":"Se puede si se concentra la atención en el binomio Aspirina-Accidente Cerebro Vascular.","isCorrectAnswer":false,"excludeFromResults":false,"image":null}],"minNumberSelections":1,"maxNumberSelections":1,"resultFormat":"%","distributableWeight":null,"weightingSetting":null,"weightingFactor":null,"correctAnswerExplanation":null},{"@type":"MultipleChoiceQuestion","lowerCaseAlias":"","id":"2573534","alias":null,"text":"En un DAG con nodos L, A e Y (en este orde de ácción temporal), ¿Qué significa que no haya un arco del nodo A al Y?","image":null,"choices":[{"id":"9826928","alias":null,"text":"No hay ningún efecto de A sobre Y","isCorrectAnswer":true,"excludeFromResults":false,"image":null},{"id":"9826929","alias":null,"text":"No hay efecto de Y sobre A","isCorrectAnswer":false,"excludeFromResults":false,"image":null},{"id":"9826930","alias":null,"text":"A no está asociada con Y","isCorrectAnswer":false,"excludeFromResults":false,"image":null},{"id":"9826931","alias":null,"text":"A está asociada con Y","isCorrectAnswer":false,"excludeFromResults":false,"image":null}],"minNumberSelections":1,"maxNumberSelections":1,"resultFormat":"%","distributableWeight":null,"weightingSetting":null,"weightingFactor":null,"correctAnswerExplanation":null}]