[{"@type":"OpenTextQuestion","wordCloudQuestion":true,"lowerCaseAlias":"","id":"2569539","alias":"","text":"Para ti, ¿qué es la ciencia?  (escribe de 3 a 20 palabras que reflejen tu percepción) ","image":null,"maxLength":2000,"maxWords":150,"resultFormat":"WORD_CLOUD","maxWordCount":null,"maxWordLength":null,"correctAnswers":[],"correctAnswerExplanation":null},{"@type":"OpenTextQuestion","wordCloudQuestion":true,"lowerCaseAlias":"","id":"2569659","alias":"","text":"¿Que supuestos damos por sentados cuando hacemos ciencia?","image":null,"maxLength":2000,"maxWords":150,"resultFormat":"WORD_CLOUD","maxWordCount":null,"maxWordLength":null,"correctAnswers":[],"correctAnswerExplanation":null},{"@type":"NumericQuestion","lowerCaseAlias":"","id":"2569663","alias":"","text":"¿Qué tan de acuerdo estás con la siguiente aseveración?\n“La causalidad implica correlación”","image":null,"uiType":"inputfield","resultFormat":"%","min":0,"max":10,"minLabel":"","maxLabel":"","correctAnswers":[],"numberOfDecimals":0,"correctAnswerExplanation":null},{"@type":"MultipleChoiceQuestion","lowerCaseAlias":"","id":"2569667","alias":"","text":"¿Conoces alguna metodología científica para describir y analizar estructuras de relación causa efecto?","image":null,"choices":[{"id":"9814950","alias":null,"text":"Experimentos aleatorizados","isCorrectAnswer":false,"excludeFromResults":false,"image":null},{"id":"9814951","alias":null,"text":"Estudios observacionales ","isCorrectAnswer":false,"excludeFromResults":false,"image":null},{"id":"9814952","alias":null,"text":"Grafos dirigidos acíclicos ","isCorrectAnswer":false,"excludeFromResults":false,"image":null},{"id":"9815116","alias":null,"text":"Aún no existe un método para describir y analizar relaciones de causalidad","isCorrectAnswer":false,"excludeFromResults":false,"image":null}],"minNumberSelections":1,"maxNumberSelections":2,"resultFormat":"%","distributableWeight":null,"weightingSetting":null,"weightingFactor":null,"correctAnswerExplanation":null},{"@type":"OpenTextQuestion","wordCloudQuestion":false,"lowerCaseAlias":"","id":"2569802","alias":"","text":"¿Qué entiendes por diseño experimental?","image":null,"maxLength":2000,"maxWords":150,"resultFormat":"RESPONSE_LIST","maxWordCount":null,"maxWordLength":null,"correctAnswers":[],"correctAnswerExplanation":null},{"@type":"OpenTextQuestion","wordCloudQuestion":true,"lowerCaseAlias":"","id":"2569670","alias":"","text":"¿Cuáles consideras que son los aspectos CLAVE que deben considerarse al desarrollar un diseño experimental?","image":null,"maxLength":2000,"maxWords":150,"resultFormat":"WORD_CLOUD","maxWordCount":null,"maxWordLength":null,"correctAnswers":[],"correctAnswerExplanation":null},{"@type":"OpenTextQuestion","wordCloudQuestion":true,"lowerCaseAlias":"","id":"2569806","alias":"","text":"¿Cuáles son los componentes centrales de un diseño experimental?","image":null,"maxLength":2000,"maxWords":150,"resultFormat":"WORD_CLOUD","maxWordCount":null,"maxWordLength":null,"correctAnswers":[],"correctAnswerExplanation":null},{"@type":"OpenTextQuestion","wordCloudQuestion":false,"lowerCaseAlias":"","id":"2569810","alias":"","text":"¿Por qué resulta importante identificar la clase de variable (categórica o continua) a las que pertenecen las variables independientes y de respuesta, dentro de un experimento o estudio observacional?  ","image":null,"maxLength":2000,"maxWords":150,"resultFormat":"RESPONSE_LIST","maxWordCount":null,"maxWordLength":null,"correctAnswers":[],"correctAnswerExplanation":null},{"@type":"OpenTextQuestion","wordCloudQuestion":false,"lowerCaseAlias":"","id":"2569813","alias":"","text":"¿Qué entiendes por tratamiento?, ¿Qué piensas que es útil tomar en cuenta al decidir sobre los tratamientos que se implementarán dentro de una investigación?","image":null,"maxLength":2000,"maxWords":150,"resultFormat":"RESPONSE_LIST","maxWordCount":null,"maxWordLength":null,"correctAnswers":[],"correctAnswerExplanation":null},{"@type":"OpenTextQuestion","wordCloudQuestion":false,"lowerCaseAlias":"","id":"2569816","alias":"","text":"¿Cuáles son las diferencias entre los tratamientos de un estudio experimental y los tratamientos de un estudio observacional?","image":null,"maxLength":2000,"maxWords":150,"resultFormat":"RESPONSE_LIST","maxWordCount":null,"maxWordLength":null,"correctAnswers":[],"correctAnswerExplanation":null},{"@type":"OpenTextQuestion","wordCloudQuestion":false,"lowerCaseAlias":"","id":"2569821","alias":"","text":"¿Qué entiendes por repetición?, ¿Cuál consideras que es su característica más importante?","image":null,"maxLength":2000,"maxWords":150,"resultFormat":"RESPONSE_LIST","maxWordCount":null,"maxWordLength":null,"correctAnswers":[],"correctAnswerExplanation":null},{"@type":"MultipleChoiceQuestion","lowerCaseAlias":"","id":"2569822","alias":"","text":"¿Cuál es la finalidad de realizar un análisis de varianza de una vía?","image":null,"choices":[{"id":"9815011","alias":null,"text":"Cuantificar el efecto de un tratamiento sobre una variable de respuesta","isCorrectAnswer":false,"excludeFromResults":false,"image":null},{"id":"9815012","alias":null,"text":"Comparar medias entre grupos","isCorrectAnswer":true,"excludeFromResults":false,"image":null},{"id":"9815013","alias":null,"text":"Determinar sí existen interacciones entre factores experimentales","isCorrectAnswer":false,"excludeFromResults":false,"image":null}],"minNumberSelections":1,"maxNumberSelections":1,"resultFormat":"%","distributableWeight":null,"weightingSetting":null,"weightingFactor":null,"correctAnswerExplanation":null},{"@type":"OpenTextQuestion","wordCloudQuestion":false,"lowerCaseAlias":"","id":"2569825","alias":"","text":"¿Sobre qué concepto estadístico se basa el funcionamiento de un análisis de varianza?","image":null,"maxLength":2000,"maxWords":150,"resultFormat":"RESPONSE_LIST","maxWordCount":null,"maxWordLength":null,"correctAnswers":[],"correctAnswerExplanation":null},{"@type":"OpenTextQuestion","wordCloudQuestion":false,"lowerCaseAlias":"","id":"2569827","alias":"","text":"¿Cuáles son los supuestos con los que debe cumplir un conjunto de datos para poder implementar un ANOVA?","image":null,"maxLength":2000,"maxWords":150,"resultFormat":"RESPONSE_LIST","maxWordCount":null,"maxWordLength":null,"correctAnswers":[],"correctAnswerExplanation":null},{"@type":"MultipleChoiceQuestion","lowerCaseAlias":"","id":"2569831","alias":"","text":"El efecto de un tratamiento sobre una variable de respuesta es capturado por:","image":null,"choices":[{"id":"9814910","alias":null,"text":"suma de cuadrados totales","isCorrectAnswer":false,"excludeFromResults":false,"image":null},{"id":"9814911","alias":null,"text":"suma de cuadrados entre grupos","isCorrectAnswer":true,"excludeFromResults":false,"image":null},{"id":"9814912","alias":null,"text":"suma de cuadrados dentro de grupos","isCorrectAnswer":false,"excludeFromResults":false,"image":null}],"minNumberSelections":1,"maxNumberSelections":1,"resultFormat":"%","distributableWeight":null,"weightingSetting":null,"weightingFactor":null,"correctAnswerExplanation":null},{"@type":"MultipleChoiceQuestion","lowerCaseAlias":"","id":"2569833","alias":"","text":"La variación de una variable de respuesta, que no es explicada por los tratamientos experimentales es capturada por:","image":null,"choices":[{"id":"9814913","alias":null,"text":"suma de cuadrados dentro de grupos","isCorrectAnswer":true,"excludeFromResults":false,"image":null},{"id":"9814914","alias":null,"text":"suma de cuadrados totales","isCorrectAnswer":false,"excludeFromResults":false,"image":null},{"id":"9814915","alias":null,"text":"suma de cuadrados entre grupos","isCorrectAnswer":false,"excludeFromResults":false,"image":null}],"minNumberSelections":1,"maxNumberSelections":1,"resultFormat":"%","distributableWeight":null,"weightingSetting":null,"weightingFactor":null,"correctAnswerExplanation":null},{"@type":"MultipleChoiceQuestion","lowerCaseAlias":"","id":"2569839","alias":"","text":"¿Qué se pude concluir sí se encuentra que la suma de cuadrados dentro de grupos es relativamente mayor que la suma de cuadrados entre grupos?","image":null,"choices":[{"id":"9814926","alias":null,"text":"Existe un efecto del tratamiento sobre la variable de respuesta","isCorrectAnswer":true,"excludeFromResults":false,"image":null},{"id":"9814927","alias":null,"text":"El efecto del tratamiento sobre la variable de respuesta es débil ","isCorrectAnswer":false,"excludeFromResults":false,"image":null},{"id":"9814928","alias":null,"text":"No existe ningún efecto del tratamiento sobre la variable de respuesta","isCorrectAnswer":false,"excludeFromResults":false,"image":null}],"minNumberSelections":1,"maxNumberSelections":1,"resultFormat":"%","distributableWeight":null,"weightingSetting":null,"weightingFactor":null,"correctAnswerExplanation":null}]